{
  "standard": {
    "runner": "Runner",
    "initialization": {
      "mean": 0.9198238054911295,
      "std": 0.034830476579136904,
      "min": 0.8728048801422119,
      "max": 0.956047773361206,
      "all_runs": [
        0.9306187629699707,
        0.8728048801422119,
        0.956047773361206
      ]
    },
    "simulation": {
      "mean": 1.2526427110036213,
      "std": 0.062317811039066175,
      "min": 1.1721930503845215,
      "max": 1.324030876159668,
      "all_runs": [
        1.324030876159668,
        1.2617042064666748,
        1.1721930503845215
      ]
    },
    "step_times": {
      "mean": 0.06263119379679362,
      "std": 0.0031156556603419805,
      "all_steps": [
        [
          0.06397175788879395,
          0.05012822151184082,
          0.0497438907623291,
          0.12253403663635254,
          0.050427913665771484,
          0.04851889610290527,
          0.04879593849182129,
          0.04824185371398926,
          0.050560951232910156,
          0.04857206344604492,
          0.16337108612060547,
          0.05402016639709473,
          0.05239701271057129,
          0.05141568183898926,
          0.04956221580505371,
          0.04917192459106445,
          0.051614999771118164,
          0.05120992660522461,
          0.050257205963134766,
          0.16948699951171875
        ],
        [
          0.049555063247680664,
          0.04969501495361328,
          0.12339091300964355,
          0.04932093620300293,
          0.048317909240722656,
          0.04731893539428711,
          0.047371864318847656,
          0.04993104934692383,
          0.04932212829589844,
          0.14455294609069824,
          0.04843330383300781,
          0.047801971435546875,
          0.04797005653381348,
          0.049681901931762695,
          0.04932093620300293,
          0.04805397987365723,
          0.048914194107055664,
          0.04844999313354492,
          0.16544508934020996,
          0.0488431453704834
        ],
        [
          0.05008292198181152,
          0.04994988441467285,
          0.04993295669555664,
          0.04960799217224121,
          0.04832792282104492,
          0.048912763595581055,
          0.13809418678283691,
          0.04978680610656738,
          0.05039620399475098,
          0.047928810119628906,
          0.047575950622558594,
          0.04759716987609863,
          0.04764604568481445,
          0.14969992637634277,
          0.04972100257873535,
          0.050467729568481445,
          0.048597097396850586,
          0.04995417594909668,
          0.0489039421081543,
          0.04899406433105469
        ]
      ]
    },
    "memory": {
      "mean": 0.0,
      "std": 0.0
    }
  },
  "vectorized": {
    "runner": "VectorizedRunner",
    "initialization": {
      "mean": 0.9338597456614176,
      "std": 0.030285081483506577,
      "min": 0.8920073509216309,
      "max": 0.9626638889312744,
      "all_runs": [
        0.9469079971313477,
        0.9626638889312744,
        0.8920073509216309
      ]
    },
    "simulation": {
      "mean": 1.21595295270284,
      "std": 0.04464597344475697,
      "min": 1.1535470485687256,
      "max": 1.2554638385772705,
      "all_runs": [
        1.2388479709625244,
        1.1535470485687256,
        1.2554638385772705
      ]
    },
    "step_times": {
      "mean": 0.06079704364140829,
      "std": 0.0022322956838782093,
      "all_steps": [
        [
          0.04913687705993652,
          0.11551499366760254,
          0.049098968505859375,
          0.049365997314453125,
          0.05052328109741211,
          0.05281472206115723,
          0.04918098449707031,
          0.049015045166015625,
          0.1257619857788086,
          0.04968714714050293,
          0.04857778549194336,
          0.05011916160583496,
          0.04961395263671875,
          0.04820084571838379,
          0.04812788963317871,
          0.04778099060058594,
          0.1556870937347412,
          0.050911903381347656,
          0.050940752029418945,
          0.04877209663391113
        ],
        [
          0.0486750602722168,
          0.04906797409057617,
          0.048642873764038086,
          0.0483241081237793,
          0.0484619140625,
          0.048784732818603516,
          0.13287997245788574,
          0.04864621162414551,
          0.04776191711425781,
          0.047955989837646484,
          0.049172163009643555,
          0.04900693893432617,
          0.04777693748474121,
          0.148695707321167,
          0.04857802391052246,
          0.0482029914855957,
          0.047904014587402344,
          0.048243045806884766,
          0.048272132873535156,
          0.04848289489746094
        ],
        [
          0.08154988288879395,
          0.04931497573852539,
          0.11928796768188477,
          0.0482630729675293,
          0.04855704307556152,
          0.04764389991760254,
          0.048712968826293945,
          0.0478670597076416,
          0.12853503227233887,
          0.04787302017211914,
          0.04799699783325195,
          0.047762155532836914,
          0.04747796058654785,
          0.048948049545288086,
          0.049666643142700195,
          0.04865407943725586,
          0.15211272239685059,
          0.048332929611206055,
          0.04832625389099121,
          0.04857182502746582
        ]
      ]
    },
    "memory": {
      "mean": 0.0,
      "std": 0.0
    }
  },
  "config": {
    "steps": 20,
    "runs": 3,
    "num_predators": 40,
    "num_prey": 80,
    "device": "cpu"
  },
  "speedup": {
    "initialization": 0.984969969810245,
    "simulation": 1.030173666028136,
    "step": 1.030168410263556
  }
}